timestamp,switch,port,host,rx_pkts,tx_pkts,rx_bytes,tx_bytes,drops,errors,collisions,rx_pps,tx_pps,rx_bps,tx_bps,avg_packet_size_rx,avg_packet_size_tx,rx_tx_ratio,label
2026-02-25 23:51:07,s21,3,h1,13,189,1086,11576,0,0,0,0,1,0,60,0,60,0,NORMAL
2026-02-25 23:51:07,s21,4,h2,13,189,1082,11576,0,0,0,0,0,0,30,0,60,0,NORMAL
2026-02-25 23:51:07,s22,3,h3,13,188,1086,11516,0,0,0,0,0,0,30,0,60,0,NORMAL
2026-02-25 23:51:07,s22,4,h4,12,189,996,11606,0,0,0,0,0,0,30,0,60,0,NORMAL
2026-02-25 23:51:07,s23,3,h5,12,189,996,11576,0,0,0,0,1,0,60,0,60,0,NORMAL
2026-02-25 23:51:07,s23,4,h6,12,189,996,11576,0,0,0,0,1,0,60,0,60,0,NORMAL
2026-02-25 23:51:10,s21,3,h1,13,192,1086,11756,0,0,0,0,1,0,90,0,60,0,NORMAL
2026-02-25 23:51:10,s21,4,h2,13,192,1082,11756,0,0,0,0,1,0,90,0,60,0,NORMAL
2026-02-25 23:51:10,s22,3,h3,13,192,1086,11756,0,0,0,0,2,0,120,0,60,0,NORMAL
2026-02-25 23:51:10,s22,4,h4,12,193,996,11846,0,0,0,0,2,0,120,0,60,0,NORMAL
2026-02-25 23:51:10,s23,3,h5,12,192,996,11756,0,0,0,0,1,0,90,0,60,0,NORMAL
2026-02-25 23:51:10,s23,4,h6,12,192,996,11756,0,0,0,0,1,0,90,0,60,0,NORMAL
2026-02-25 23:51:13,s21,3,h1,13,195,1086,11936,0,0,0,0,1,0,90,0,60,0,NORMAL
2026-02-25 23:51:13,s21,4,h2,13,195,1082,11936,0,0,0,0,1,0,90,0,60,0,NORMAL
2026-02-25 23:51:13,s22,3,h3,13,195,1086,11936,0,0,0,0,1,0,90,0,60,0,NORMAL
2026-02-25 23:51:13,s22,4,h4,12,196,996,12026,0,0,0,0,1,0,90,0,60,0,NORMAL
2026-02-25 23:51:13,s23,3,h5,12,195,996,11936,0,0,0,0,1,0,90,0,60,0,NORMAL
2026-02-25 23:51:13,s23,4,h6,12,195,996,11936,0,0,0,0,1,0,90,0,60,0,NORMAL
2026-02-25 23:51:16,s21,3,h1,13,198,1086,12116,0,0,0,0,1,0,90,0,60,0,NORMAL
2026-02-25 23:51:16,s21,4,h2,13,198,1082,12116,0,0,0,0,1,0,90,0,60,0,NORMAL
2026-02-25 23:51:16,s22,3,h3,13,198,1086,12116,0,0,0,0,1,0,90,0,60,0,NORMAL
2026-02-25 23:51:16,s22,4,h4,12,199,996,12206,0,0,0,0,1,0,90,0,60,0,NORMAL
2026-02-25 23:51:16,s23,3,h5,12,198,996,12116,0,0,0,0,1,0,90,0,60,0,NORMAL
2026-02-25 23:51:16,s23,4,h6,12,198,996,12116,0,0,0,0,1,0,90,0,60,0,NORMAL
2026-02-25 23:51:19,s21,3,h1,13,202,1086,12356,0,0,0,0,2,0,120,0,60,0,NORMAL
2026-02-25 23:51:19,s21,4,h2,13,202,1082,12356,0,0,0,0,2,0,120,0,60,0,NORMAL
2026-02-25 23:51:19,s22,3,h3,13,201,1086,12296,0,0,0,0,1,0,90,0,60,0,NORMAL
2026-02-25 23:51:19,s22,4,h4,12,202,996,12386,0,0,0,0,1,0,90,0,60,0,NORMAL
2026-02-25 23:51:19,s23,3,h5,12,202,996,12356,0,0,0,0,2,0,120,0,60,0,NORMAL
2026-02-25 23:51:19,s23,4,h6,12,202,996,12356,0,0,0,0,2,0,120,0,60,0,NORMAL
2026-02-25 23:51:22,s21,3,h1,13,205,1086,12536,0,0,0,0,1,0,90,0,60,0,NORMAL
2026-02-25 23:51:22,s21,4,h2,13,205,1082,12536,0,0,0,0,1,0,90,0,60,0,NORMAL
2026-02-25 23:51:22,s22,3,h3,13,205,1086,12536,0,0,0,0,2,0,120,0,60,0,NORMAL
2026-02-25 23:51:22,s22,4,h4,12,206,996,12626,0,0,0,0,2,0,120,0,60,0,NORMAL
2026-02-25 23:51:22,s23,3,h5,12,205,996,12536,0,0,0,0,1,0,90,0,60,0,NORMAL
2026-02-25 23:51:22,s23,4,h6,12,205,996,12536,0,0,0,0,1,0,90,0,60,0,NORMAL
2026-02-25 23:51:25,s21,3,h1,13,208,1086,12716,0,0,0,0,1,0,90,0,60,0,NORMAL
2026-02-25 23:51:25,s21,4,h2,13,208,1082,12716,0,0,0,0,1,0,90,0,60,0,NORMAL
2026-02-25 23:51:25,s22,3,h3,13,208,1086,12716,0,0,0,0,1,0,90,0,60,0,NORMAL
2026-02-25 23:51:25,s22,4,h4,12,209,996,12806,0,0,0,0,1,0,90,0,60,0,NORMAL
2026-02-25 23:51:25,s23,3,h5,12,208,996,12716,0,0,0,0,1,0,90,0,60,0,NORMAL
2026-02-25 23:51:25,s23,4,h6,12,208,996,12716,0,0,0,0,1,0,90,0,60,0,NORMAL
2026-02-25 23:51:28,s21,3,h1,13,211,1086,12896,0,0,0,0,1,0,90,0,60,0,NORMAL
2026-02-25 23:51:28,s21,4,h2,13,211,1082,12896,0,0,0,0,1,0,90,0,60,0,NORMAL
2026-02-25 23:51:28,s22,3,h3,13,211,1086,12896,0,0,0,0,1,0,90,0,60,0,NORMAL
2026-02-25 23:51:28,s22,4,h4,12,212,996,12986,0,0,0,0,1,0,90,0,60,0,NORMAL
2026-02-25 23:51:28,s23,3,h5,12,211,996,12896,0,0,0,0,1,0,90,0,60,0,NORMAL
2026-02-25 23:51:28,s23,4,h6,12,211,996,12896,0,0,0,0,1,0,90,0,60,0,NORMAL
2026-02-25 23:51:31,s21,3,h1,13,215,1086,13136,0,0,0,0,2,0,120,0,60,0,NORMAL
2026-02-25 23:51:31,s21,4,h2,13,215,1082,13136,0,0,0,0,2,0,120,0,60,0,NORMAL
2026-02-25 23:51:31,s22,3,h3,13,215,1086,13136,0,0,0,0,2,0,120,0,60,0,NORMAL
2026-02-25 23:51:31,s22,4,h4,12,216,996,13226,0,0,0,0,2,0,120,0,60,0,NORMAL
2026-02-25 23:51:31,s23,3,h5,12,215,996,13136,0,0,0,0,2,0,120,0,60,0,NORMAL
2026-02-25 23:51:31,s23,4,h6,12,215,996,13136,0,0,0,0,2,0,120,0,60,0,NORMAL
2026-02-25 23:51:34,s21,3,h1,13,218,1086,13316,0,0,0,0,1,0,90,0,60,0,NORMAL
2026-02-25 23:51:34,s21,4,h2,13,218,1082,13316,0,0,0,0,1,0,90,0,60,0,NORMAL
2026-02-25 23:51:34,s22,3,h3,13,218,1086,13316,0,0,0,0,1,0,90,0,60,0,NORMAL
2026-02-25 23:51:34,s22,4,h4,12,219,996,13406,0,0,0,0,1,0,90,0,60,0,NORMAL
2026-02-25 23:51:34,s23,3,h5,12,218,996,13316,0,0,0,0,1,0,90,0,60,0,NORMAL
2026-02-25 23:51:34,s23,4,h6,12,218,996,13316,0,0,0,0,1,0,90,0,60,0,NORMAL
2026-02-25 23:51:37,s21,3,h1,13,221,1086,13496,0,0,0,0,1,0,90,0,60,0,NORMAL
2026-02-25 23:51:37,s21,4,h2,13,221,1082,13496,0,0,0,0,1,0,90,0,60,0,NORMAL
2026-02-25 23:51:37,s22,3,h3,13,221,1086,13496,0,0,0,0,1,0,90,0,60,0,NORMAL
2026-02-25 23:51:37,s22,4,h4,12,222,996,13586,0,0,0,0,1,0,90,0,60,0,NORMAL
2026-02-25 23:51:37,s23,3,h5,12,221,996,13496,0,0,0,0,1,0,90,0,60,0,NORMAL
2026-02-25 23:51:37,s23,4,h6,12,221,996,13496,0,0,0,0,1,0,90,0,60,0,NORMAL
2026-02-25 23:51:40,s21,3,h1,13,225,1086,13736,0,0,0,0,2,0,120,0,60,0,NORMAL
2026-02-25 23:51:40,s21,4,h2,13,225,1082,13736,0,0,0,0,2,0,120,0,60,0,NORMAL
2026-02-25 23:51:40,s22,3,h3,13,225,1086,13736,0,0,0,0,2,0,120,0,60,0,NORMAL
2026-02-25 23:51:40,s22,4,h4,12,226,996,13826,0,0,0,0,2,0,120,0,60,0,NORMAL
2026-02-25 23:51:40,s23,3,h5,12,225,996,13736,0,0,0,0,2,0,120,0,60,0,NORMAL
2026-02-25 23:51:40,s23,4,h6,12,225,996,13736,0,0,0,0,2,0,120,0,60,0,NORMAL
2026-02-25 23:51:43,s21,3,h1,13,228,1086,13916,0,0,0,0,1,0,90,0,60,0,NORMAL
2026-02-25 23:51:43,s21,4,h2,13,228,1082,13916,0,0,0,0,1,0,90,0,60,0,NORMAL
2026-02-25 23:51:43,s22,3,h3,13,228,1086,13916,0,0,0,0,1,0,90,0,60,0,NORMAL
2026-02-25 23:51:43,s22,4,h4,12,229,996,14006,0,0,0,0,1,0,90,0,60,0,NORMAL
2026-02-25 23:51:43,s23,3,h5,12,228,996,13916,0,0,0,0,1,0,90,0,60,0,NORMAL
2026-02-25 23:51:43,s23,4,h6,12,228,996,13916,0,0,0,0,1,0,90,0,60,0,NORMAL
2026-02-25 23:51:46,s21,3,h1,13,232,1086,14156,0,0,0,0,2,0,120,0,60,0,NORMAL
2026-02-25 23:51:46,s21,4,h2,13,232,1082,14156,0,0,0,0,2,0,120,0,60,0,NORMAL
2026-02-25 23:51:46,s22,3,h3,13,231,1086,14096,0,0,0,0,1,0,90,0,60,0,NORMAL
2026-02-25 23:51:46,s22,4,h4,12,233,996,14246,0,0,0,0,2,0,120,0,60,0,NORMAL
2026-02-25 23:51:46,s23,3,h5,12,232,996,14156,0,0,0,0,2,0,120,0,60,0,NORMAL
2026-02-25 23:51:46,s23,4,h6,12,232,996,14156,0,0,0,0,2,0,120,0,60,0,NORMAL
2026-02-25 23:51:49,s21,3,h1,13,235,1086,14336,0,0,0,0,1,0,90,0,60,0,NORMAL
2026-02-25 23:51:49,s21,4,h2,13,235,1082,14336,0,0,0,0,1,0,90,0,60,0,NORMAL
2026-02-25 23:51:49,s22,3,h3,13,235,1086,14336,0,0,0,0,2,0,120,0,60,0,NORMAL
2026-02-25 23:51:49,s22,4,h4,12,236,996,14426,0,0,0,0,1,0,90,0,60,0,NORMAL
2026-02-25 23:51:49,s23,3,h5,12,235,996,14336,0,0,0,0,1,0,90,0,60,0,NORMAL
2026-02-25 23:51:49,s23,4,h6,12,235,996,14336,0,0,0,0,1,0,90,0,60,0,NORMAL
2026-02-25 23:51:52,s21,3,h1,13,238,1086,14516,0,0,0,0,1,0,90,0,60,0,NORMAL
2026-02-25 23:51:52,s21,4,h2,13,238,1082,14516,0,0,0,0,1,0,90,0,60,0,NORMAL
2026-02-25 23:51:52,s22,3,h3,13,238,1086,14516,0,0,0,0,1,0,90,0,60,0,NORMAL
2026-02-25 23:51:52,s22,4,h4,12,239,996,14606,0,0,0,0,1,0,90,0,60,0,NORMAL
2026-02-25 23:51:52,s23,3,h5,12,238,996,14516,0,0,0,0,1,0,90,0,60,0,NORMAL
2026-02-25 23:51:52,s23,4,h6,12,238,996,14516,0,0,0,0,1,0,90,0,60,0,NORMAL
2026-02-25 23:51:56,s21,3,h1,13,242,1086,14756,0,0,0,0,2,0,120,0,60,0,NORMAL
2026-02-25 23:51:56,s21,4,h2,13,242,1082,14756,0,0,0,0,2,0,120,0,60,0,NORMAL
2026-02-25 23:51:56,s22,3,h3,13,242,1086,14756,0,0,0,0,2,0,120,0,60,0,NORMAL
2026-02-25 23:51:56,s22,4,h4,12,243,996,14846,0,0,0,0,2,0,120,0,60,0,NORMAL
2026-02-25 23:51:56,s23,3,h5,12,242,996,14756,0,0,0,0,2,0,120,0,60,0,NORMAL
2026-02-25 23:51:56,s23,4,h6,12,242,996,14756,0,0,0,0,2,0,120,0,60,0,NORMAL
2026-02-25 23:51:59,s21,3,h1,13,245,1086,14936,0,0,0,0,1,0,90,0,60,0,NORMAL
2026-02-25 23:51:59,s21,4,h2,13,245,1082,14936,0,0,0,0,1,0,90,0,60,0,NORMAL
2026-02-25 23:51:59,s22,3,h3,13,245,1086,14936,0,0,0,0,1,0,90,0,60,0,NORMAL
2026-02-25 23:51:59,s22,4,h4,12,246,996,15026,0,0,0,0,1,0,90,0,60,0,NORMAL
2026-02-25 23:51:59,s23,3,h5,13,245,1066,14936,0,0,0,0,1,35,90,70,60,0,NORMAL
2026-02-25 23:51:59,s23,4,h6,12,245,996,14936,0,0,0,0,1,0,90,0,60,0,NORMAL
2026-02-25 23:52:02,s21,3,h1,13,248,1086,15116,0,0,0,0,1,0,90,0,60,0,NORMAL
2026-02-25 23:52:02,s21,4,h2,13,248,1082,15116,0,0,0,0,1,0,90,0,60,0,NORMAL
2026-02-25 23:52:02,s22,3,h3,13,248,1086,15116,0,0,0,0,1,0,90,0,60,0,NORMAL
2026-02-25 23:52:02,s22,4,h4,12,249,996,15206,0,0,0,0,1,0,90,0,60,0,NORMAL
2026-02-25 23:52:02,s23,3,h5,13,248,1066,15116,0,0,0,0,1,0,90,0,60,0,NORMAL
2026-02-25 23:52:02,s23,4,h6,12,248,996,15116,0,0,0,0,1,0,90,0,60,0,NORMAL
2026-02-25 23:52:05,s21,3,h1,13,252,1086,15356,0,0,0,0,2,0,120,0,60,0,NORMAL
2026-02-25 23:52:05,s21,4,h2,13,252,1082,15356,0,0,0,0,2,0,120,0,60,0,NORMAL
2026-02-25 23:52:05,s22,3,h3,13,252,1086,15356,0,0,0,0,2,0,120,0,60,0,NORMAL
2026-02-25 23:52:05,s22,4,h4,12,253,996,15446,0,0,0,0,2,0,120,0,60,0,NORMAL
2026-02-25 23:52:05,s23,3,h5,13,252,1066,15356,0,0,0,0,2,0,120,0,60,0,NORMAL
2026-02-25 23:52:05,s23,4,h6,12,252,996,15356,0,0,0,0,2,0,120,0,60,0,NORMAL
2026-02-25 23:52:08,s21,3,h1,13,255,1086,15536,0,0,0,0,1,0,90,0,60,0,NORMAL
2026-02-25 23:52:08,s21,4,h2,13,255,1082,15536,0,0,0,0,1,0,90,0,60,0,NORMAL
2026-02-25 23:52:08,s22,3,h3,13,255,1086,15536,0,0,0,0,1,0,90,0,60,0,NORMAL
2026-02-25 23:52:08,s22,4,h4,12,256,996,15626,0,0,0,0,1,0,90,0,60,0,NORMAL
2026-02-25 23:52:08,s23,3,h5,13,255,1066,15536,0,0,0,0,1,0,90,0,60,0,NORMAL
2026-02-25 23:52:08,s23,4,h6,12,255,996,15536,0,0,0,0,1,0,90,0,60,0,NORMAL
2026-02-25 23:52:11,s21,3,h1,13,258,1086,15716,0,0,0,0,1,0,90,0,60,0,NORMAL
2026-02-25 23:52:11,s21,4,h2,13,258,1082,15716,0,0,0,0,1,0,90,0,60,0,NORMAL
2026-02-25 23:52:11,s22,3,h3,13,258,1086,15716,0,0,0,0,1,0,90,0,60,0,NORMAL
2026-02-25 23:52:11,s22,4,h4,12,259,996,15806,0,0,0,0,1,0,90,0,60,0,NORMAL
2026-02-25 23:52:11,s23,3,h5,13,258,1066,15716,0,0,0,0,1,0,90,0,60,0,NORMAL
2026-02-25 23:52:11,s23,4,h6,12,258,996,15716,0,0,0,0,1,0,90,0,60,0,NORMAL
2026-02-25 23:52:14,s21,3,h1,13,262,1086,15956,0,0,0,0,2,0,120,0,60,0,NORMAL
2026-02-25 23:52:14,s21,4,h2,13,262,1082,15956,0,0,0,0,2,0,120,0,60,0,NORMAL
2026-02-25 23:52:14,s22,3,h3,13,262,1086,15956,0,0,0,0,2,0,120,0,60,0,NORMAL
2026-02-25 23:52:14,s22,4,h4,12,263,996,16046,0,0,0,0,2,0,120,0,60,0,NORMAL
2026-02-25 23:52:14,s23,3,h5,13,262,1066,15956,0,0,0,0,2,0,120,0,60,0,NORMAL
2026-02-25 23:52:14,s23,4,h6,12,262,996,15956,0,0,0,0,2,0,120,0,60,0,NORMAL
2026-02-25 23:52:17,s21,3,h1,13,265,1086,16136,0,0,0,0,1,0,90,0,60,0,NORMAL
2026-02-25 23:52:17,s21,4,h2,13,265,1082,16136,0,0,0,0,1,0,90,0,60,0,NORMAL
2026-02-25 23:52:17,s22,3,h3,13,265,1086,16136,0,0,0,0,1,0,90,0,60,0,NORMAL
2026-02-25 23:52:17,s22,4,h4,12,266,996,16226,0,0,0,0,1,0,90,0,60,0,NORMAL
2026-02-25 23:52:17,s23,3,h5,13,265,1066,16136,0,0,0,0,1,0,90,0,60,0,NORMAL
2026-02-25 23:52:17,s23,4,h6,12,265,996,16136,0,0,0,0,1,0,90,0,60,0,NORMAL
2026-02-25 23:52:20,s21,3,h1,13,268,1086,16316,0,0,0,0,1,0,90,0,60,0,NORMAL
2026-02-25 23:52:20,s21,4,h2,13,268,1082,16316,0,0,0,0,1,0,90,0,60,0,NORMAL
2026-02-25 23:52:20,s22,3,h3,13,268,1086,16316,0,0,0,0,1,0,90,0,60,0,NORMAL
2026-02-25 23:52:20,s22,4,h4,12,269,996,16406,0,0,0,0,1,0,90,0,60,0,NORMAL
2026-02-25 23:52:20,s23,3,h5,13,268,1066,16316,0,0,0,0,1,0,90,0,60,0,NORMAL
2026-02-25 23:52:20,s23,4,h6,12,268,996,16316,0,0,0,0,1,0,90,0,60,0,NORMAL
2026-02-25 23:52:23,s21,3,h1,13,272,1086,16556,0,0,0,0,2,0,120,0,60,0,NORMAL
2026-02-25 23:52:23,s21,4,h2,13,272,1082,16556,0,0,0,0,2,0,120,0,60,0,NORMAL
2026-02-25 23:52:23,s22,3,h3,13,272,1086,16556,0,0,0,0,2,0,120,0,60,0,NORMAL
2026-02-25 23:52:23,s22,4,h4,12,273,996,16646,0,0,0,0,2,0,120,0,60,0,NORMAL
2026-02-25 23:52:23,s23,3,h5,13,272,1066,16556,0,0,0,0,2,0,120,0,60,0,NORMAL
2026-02-25 23:52:23,s23,4,h6,12,272,996,16556,0,0,0,0,2,0,120,0,60,0,NORMAL
2026-02-25 23:52:26,s21,3,h1,13,275,1086,16736,0,0,0,0,1,0,90,0,60,0,NORMAL
2026-02-25 23:52:26,s21,4,h2,13,275,1082,16736,0,0,0,0,1,0,90,0,60,0,NORMAL
2026-02-25 23:52:26,s22,3,h3,13,275,1086,16736,0,0,0,0,1,0,90,0,60,0,NORMAL
2026-02-25 23:52:26,s22,4,h4,12,276,996,16826,0,0,0,0,1,0,90,0,60,0,NORMAL
2026-02-25 23:52:26,s23,3,h5,13,275,1066,16736,0,0,0,0,1,0,90,0,60,0,NORMAL
2026-02-25 23:52:26,s23,4,h6,13,275,1066,16736,0,0,0,0,1,35,90,70,60,0,NORMAL
2026-02-25 23:52:29,s21,3,h1,13,278,1086,16916,0,0,0,0,1,0,90,0,60,0,NORMAL
2026-02-25 23:52:29,s21,4,h2,13,278,1082,16916,0,0,0,0,1,0,90,0,60,0,NORMAL
2026-02-25 23:52:29,s22,3,h3,13,278,1086,16916,0,0,0,0,1,0,90,0,60,0,NORMAL
2026-02-25 23:52:29,s22,4,h4,12,279,996,17006,0,0,0,0,1,0,90,0,60,0,NORMAL
2026-02-25 23:52:29,s23,3,h5,13,278,1066,16916,0,0,0,0,1,0,90,0,60,0,NORMAL
2026-02-25 23:52:29,s23,4,h6,13,278,1066,16916,0,0,0,0,1,0,90,0,60,0,NORMAL
2026-02-25 23:52:33,s21,3,h1,13,282,1086,17156,0,0,0,0,2,0,120,0,60,0,NORMAL
2026-02-25 23:52:33,s21,4,h2,13,282,1082,17156,0,0,0,0,2,0,120,0,60,0,NORMAL
2026-02-25 23:52:33,s22,3,h3,13,282,1086,17156,0,0,0,0,2,0,120,0,60,0,NORMAL
2026-02-25 23:52:33,s22,4,h4,12,283,996,17246,0,0,0,0,2,0,120,0,60,0,NORMAL
2026-02-25 23:52:33,s23,3,h5,13,282,1066,17156,0,0,0,0,2,0,120,0,60,0,NORMAL
2026-02-25 23:52:33,s23,4,h6,13,282,1066,17156,0,0,0,0,2,0,120,0,60,0,NORMAL
2026-02-25 23:52:36,s21,3,h1,13,285,1086,17336,0,0,0,0,1,0,90,0,60,0,NORMAL
2026-02-25 23:52:36,s21,4,h2,13,285,1082,17336,0,0,0,0,1,0,90,0,60,0,NORMAL
2026-02-25 23:52:36,s22,3,h3,13,285,1086,17336,0,0,0,0,1,0,90,0,60,0,NORMAL
2026-02-25 23:52:36,s22,4,h4,12,286,996,17426,0,0,0,0,1,0,90,0,60,0,NORMAL
2026-02-25 23:52:36,s23,3,h5,13,285,1066,17336,0,0,0,0,1,0,90,0,60,0,NORMAL
2026-02-25 23:52:36,s23,4,h6,13,285,1066,17336,0,0,0,0,1,0,90,0,60,0,NORMAL
2026-02-25 23:52:39,s21,3,h1,13,289,1086,17576,0,0,0,0,2,0,120,0,60,0,NORMAL
2026-02-25 23:52:39,s21,4,h2,13,289,1082,17576,0,0,0,0,2,0,120,0,60,0,NORMAL
2026-02-25 23:52:39,s22,3,h3,13,289,1086,17576,0,0,0,0,2,0,120,0,60,0,NORMAL
2026-02-25 23:52:39,s22,4,h4,12,290,996,17666,0,0,0,0,2,0,120,0,60,0,NORMAL
2026-02-25 23:52:39,s23,3,h5,13,289,1066,17576,0,0,0,0,2,0,120,0,60,0,NORMAL
2026-02-25 23:52:39,s23,4,h6,13,289,1066,17576,0,0,0,0,2,0,120,0,60,0,NORMAL
2026-02-25 23:52:42,s21,3,h1,13,292,1086,17756,0,0,0,0,1,0,90,0,60,0,NORMAL
2026-02-25 23:52:42,s21,4,h2,13,292,1082,17756,0,0,0,0,1,0,90,0,60,0,NORMAL
2026-02-25 23:52:42,s22,3,h3,13,293,1086,17798,0,0,0,0,2,0,111,0,55,0,NORMAL
2026-02-25 23:52:42,s22,4,h4,12,294,996,17888,0,0,0,0,2,0,111,0,55,0,NORMAL
2026-02-25 23:52:42,s23,3,h5,13,293,1066,17798,0,0,0,0,2,0,111,0,55,0,NORMAL
2026-02-25 23:52:42,s23,4,h6,16,295,1304,17994,0,0,0,1,3,119,209,79,69,.33,NORMAL
2026-02-25 23:52:46,s21,3,h1,20,303,1716,18626,0,0,0,3,5,315,435,90,79,.60,NORMAL
2026-02-25 23:52:46,s21,4,h2,13,297,1082,18038,0,0,0,0,2,0,141,0,56,0,NORMAL
2026-02-25 23:52:46,s22,3,h3,14,297,1156,18038,0,0,0,0,2,35,120,70,60,0,NORMAL
2026-02-25 23:52:46,s22,4,h4,12,299,996,18198,0,0,0,0,2,0,155,0,62,0,NORMAL
2026-02-25 23:52:46,s23,3,h5,13,297,1066,18038,0,0,0,0,2,0,120,0,60,0,NORMAL
2026-02-25 23:52:46,s23,4,h6,22,305,1892,18822,0,0,0,3,5,294,414,98,82,.60,NORMAL
2026-02-25 23:52:49,s21,3,h1,28,314,2444,19534,0,0,0,4,5,364,454,91,82,.80,NORMAL
2026-02-25 23:52:49,s21,4,h2,13,300,1082,18218,0,0,0,0,1,0,90,0,60,0,NORMAL
2026-02-25 23:52:49,s22,3,h3,14,300,1156,18218,0,0,0,0,1,0,90,0,60,0,NORMAL
2026-02-25 23:52:49,s22,4,h4,12,302,996,18378,0,0,0,0,1,0,90,0,60,0,NORMAL
2026-02-25 23:52:49,s23,3,h5,13,300,1066,18218,0,0,0,0,1,0,90,0,60,0,NORMAL
2026-02-25 23:52:49,s23,4,h6,30,316,2620,19730,0,0,0,4,5,364,454,91,82,.80,NORMAL
2026-02-25 23:52:52,s21,3,h1,34,324,3032,20362,0,0,0,3,5,294,414,98,82,.60,NORMAL
2026-02-25 23:52:52,s21,4,h2,13,304,1082,18458,0,0,0,0,2,0,120,0,60,0,NORMAL
2026-02-25 23:52:52,s22,3,h3,14,304,1156,18458,0,0,0,0,2,0,120,0,60,0,NORMAL
2026-02-25 23:52:52,s22,4,h4,12,306,996,18618,0,0,0,0,2,0,120,0,60,0,NORMAL
2026-02-25 23:52:52,s23,3,h5,13,304,1066,18458,0,0,0,0,2,0,120,0,60,0,NORMAL
2026-02-25 23:52:52,s23,4,h6,36,326,3208,20558,0,0,0,3,5,294,414,98,82,.60,NORMAL
2026-02-25 23:52:55,s21,3,h1,41,335,3690,21242,0,0,0,3,5,329,440,94,80,.60,NORMAL
2026-02-25 23:52:55,s21,4,h2,17,312,1418,19044,0,0,0,2,4,168,293,84,73,.50,NORMAL
2026-02-25 23:52:55,s22,3,h3,14,308,1156,18680,0,0,0,0,2,0,111,0,55,0,NORMAL
2026-02-25 23:52:55,s22,4,h4,12,310,996,18840,0,0,0,0,2,0,111,0,55,0,NORMAL
2026-02-25 23:52:55,s23,3,h5,18,313,1500,19142,0,0,0,2,4,217,342,86,76,.50,NORMAL
2026-02-25 23:52:55,s23,4,h6,42,336,3796,21368,0,0,0,3,5,294,405,98,81,.60,NORMAL
2026-02-25 23:52:58,s21,3,h1,47,344,4278,22010,0,0,0,3,4,294,384,98,85,.75,NORMAL
2026-02-25 23:52:58,s21,4,h2,23,321,1950,19756,0,0,0,3,4,266,356,88,79,.75,NORMAL
2026-02-25 23:52:58,s22,3,h3,14,311,1156,18860,0,0,0,0,1,0,90,0,60,0,NORMAL
2026-02-25 23:52:58,s22,4,h4,12,313,996,19020,0,0,0,0,1,0,90,0,60,0,NORMAL
2026-02-25 23:52:58,s23,3,h5,24,322,2032,19854,0,0,0,3,4,266,356,88,79,.75,NORMAL
2026-02-25 23:52:58,s23,4,h6,48,346,4384,22206,0,0,0,3,5,294,419,98,83,.60,NORMAL
2026-02-25 23:53:01,s21,3,h1,53,354,4866,22838,0,0,0,3,5,294,414,98,82,.60,NORMAL
2026-02-25 23:53:01,s21,4,h2,27,329,2342,20388,0,0,0,2,4,196,316,98,79,.50,NORMAL
2026-02-25 23:53:01,s22,3,h3,14,315,1156,19100,0,0,0,0,2,0,120,0,60,0,NORMAL
2026-02-25 23:53:01,s22,4,h4,12,317,996,19260,0,0,0,0,2,0,120,0,60,0,NORMAL
2026-02-25 23:53:01,s23,3,h5,28,330,2424,20486,0,0,0,2,4,196,316,98,79,.50,NORMAL
2026-02-25 23:53:01,s23,4,h6,54,356,4972,23034,0,0,0,3,5,294,414,98,82,.60,NORMAL
2026-02-25 23:53:04,s21,3,h1,59,364,5454,23648,0,0,0,3,5,294,405,98,81,.60,NORMAL
2026-02-25 23:53:04,s21,4,h2,31,337,2734,21002,0,0,0,2,4,196,307,98,76,.50,NORMAL
2026-02-25 23:53:04,s22,3,h3,17,322,1394,19560,0,0,0,1,3,119,230,79,65,.33,NORMAL
2026-02-25 23:53:04,s22,4,h4,16,323,1304,19678,0,0,0,2,3,154,209,77,69,.66,NORMAL
2026-02-25 23:53:04,s23,3,h5,32,338,2816,21100,0,0,0,2,4,196,307,98,76,.50,NORMAL
2026-02-25 23:53:04,s23,4,h6,60,366,5560,23844,0,0,0,3,5,294,405,98,81,.60,NORMAL
2026-02-25 23:53:07,s21,3,h1,66,374,6140,24514,0,0,0,3,5,343,433,98,86,.60,NORMAL
2026-02-25 23:53:07,s21,4,h2,36,345,3224,21672,0,0,0,2,4,245,335,98,83,.50,NORMAL
2026-02-25 23:53:07,s22,3,h3,20,328,1688,20034,0,0,0,1,3,147,237,98,79,.33,NORMAL
2026-02-25 23:53:07,s22,4,h4,19,329,1598,20152,0,0,0,1,3,147,237,98,79,.33,NORMAL
2026-02-25 23:53:07,s23,3,h5,37,346,3306,21770,0,0,0,2,4,245,335,98,83,.50,NORMAL
2026-02-25 23:53:07,s23,4,h6,66,375,6148,24612,0,0,0,3,4,294,384,98,85,.75,NORMAL
2026-02-25 23:53:10,s21,3,h1,72,384,6728,25342,0,0,0,3,5,294,414,98,82,.60,NORMAL
2026-02-25 23:53:10,s21,4,h2,40,353,3616,22304,0,0,0,2,4,196,316,98,79,.50,NORMAL
2026-02-25 23:53:10,s22,3,h3,24,335,2024,20550,0,0,0,2,3,168,258,84,73,.66,NORMAL
2026-02-25 23:53:10,s22,4,h4,23,336,1934,20668,0,0,0,2,3,168,258,84,73,.66,NORMAL
2026-02-25 23:53:10,s23,3,h5,41,354,3698,22402,0,0,0,2,4,196,316,98,79,.50,NORMAL
2026-02-25 23:53:10,s23,4,h6,72,385,6736,25440,0,0,0,3,5,294,414,98,82,.60,NORMAL
2026-02-25 23:53:14,s21,3,h1,78,393,7316,26110,0,0,0,3,4,294,384,98,85,.75,NORMAL
2026-02-25 23:53:14,s21,4,h2,45,361,4106,22974,0,0,0,2,4,245,335,98,83,.50,NORMAL
2026-02-25 23:53:14,s22,3,h3,27,342,2318,21084,0,0,0,1,3,147,267,98,76,.33,NORMAL
2026-02-25 23:53:14,s22,4,h4,28,346,2368,21384,0,0,0,2,5,217,358,86,71,.40,NORMAL
2026-02-25 23:53:14,s23,3,h5,45,362,4090,23016,0,0,0,2,4,196,307,98,76,.50,NORMAL
2026-02-25 23:53:14,s23,4,h6,78,395,7324,26250,0,0,0,3,5,294,405,98,81,.60,NORMAL
2026-02-25 23:53:17,s21,3,h1,89,407,8338,27312,0,0,0,5,7,511,601,92,85,.71,NORMAL
2026-02-25 23:53:17,s21,4,h2,49,369,4498,23588,0,0,0,2,4,196,307,98,76,.50,NORMAL
2026-02-25 23:53:17,s22,3,h3,30,349,2612,21600,0,0,0,1,3,147,258,98,73,.33,NORMAL
2026-02-25 23:53:17,s22,4,h4,34,355,2956,22152,0,0,0,3,4,294,384,98,85,.75,NORMAL
2026-02-25 23:53:17,s23,3,h5,50,370,4580,23686,0,0,0,2,4,245,335,98,83,.50,NORMAL
2026-02-25 23:53:17,s23,4,h6,85,405,7954,27060,0,0,0,3,5,315,405,90,81,.60,NORMAL
2026-02-25 23:53:20,s21,3,h1,100,421,9304,28458,0,0,0,5,7,483,573,87,81,.71,NORMAL
2026-02-25 23:53:20,s21,4,h2,53,377,4890,24220,0,0,0,2,4,196,316,98,79,.50,NORMAL
2026-02-25 23:53:20,s22,3,h3,33,355,2906,22074,0,0,0,1,3,147,237,98,79,.33,NORMAL
2026-02-25 23:53:20,s22,4,h4,42,366,3684,23060,0,0,0,4,5,364,454,91,82,.80,NORMAL
2026-02-25 23:53:20,s23,3,h5,54,377,4972,24258,0,0,0,2,3,196,286,98,81,.66,NORMAL
2026-02-25 23:53:20,s23,4,h6,91,414,8542,27828,0,0,0,3,4,294,384,98,85,.75,NORMAL
2026-02-25 23:53:23,s21,3,h1,110,435,10284,29678,0,0,0,5,7,490,610,98,87,.71,NORMAL
2026-02-25 23:53:23,s21,4,h2,57,384,5282,24792,0,0,0,2,3,196,286,98,81,.66,NORMAL
2026-02-25 23:53:23,s22,3,h3,36,363,3200,22678,0,0,0,1,4,147,302,98,75,.25,NORMAL
2026-02-25 23:53:23,s22,4,h4,49,377,4370,23986,0,0,0,3,5,343,463,98,84,.60,NORMAL
2026-02-25 23:53:23,s23,3,h5,58,385,5364,24890,0,0,0,2,4,196,316,98,79,.50,NORMAL
2026-02-25 23:53:23,s23,4,h6,97,424,9130,28656,0,0,0,3,5,294,414,98,82,.60,NORMAL
2026-02-25 23:53:26,s21,3,h1,120,448,11264,30838,0,0,0,5,6,490,580,98,89,.83,NORMAL
2026-02-25 23:53:26,s21,4,h2,62,392,5772,25462,0,0,0,2,4,245,335,98,83,.50,NORMAL
2026-02-25 23:53:26,s22,3,h3,39,369,3494,23152,0,0,0,1,3,147,237,98,79,.33,NORMAL
2026-02-25 23:53:26,s22,4,h4,55,386,4958,24754,0,0,0,3,4,294,384,98,85,.75,NORMAL
2026-02-25 23:53:26,s23,3,h5,62,392,5756,25462,0,0,0,2,3,196,286,98,81,.66,NORMAL
2026-02-25 23:53:26,s23,4,h6,103,433,9718,29424,0,0,0,3,4,294,384,98,85,.75,NORMAL
2026-02-25 23:53:29,s21,3,h1,130,461,12188,31942,0,0,0,5,6,462,552,92,84,.83,NORMAL
2026-02-25 23:53:29,s21,4,h2,67,399,6234,26034,0,0,0,2,3,231,286,92,81,.66,NORMAL
2026-02-25 23:53:29,s22,3,h3,42,375,3788,23626,0,0,0,1,3,147,237,98,79,.33,NORMAL
2026-02-25 23:53:29,s22,4,h4,62,396,5644,25620,0,0,0,3,5,343,433,98,86,.60,NORMAL
2026-02-25 23:53:29,s23,3,h5,68,401,6288,26174,0,0,0,3,4,266,356,88,79,.75,NORMAL
2026-02-25 23:53:29,s23,4,h6,111,444,10446,30332,0,0,0,4,5,364,454,91,82,.80,NORMAL
2026-02-25 23:53:32,s21,3,h1,140,475,13168,33162,0,0,0,5,7,490,610,98,87,.71,NORMAL
2026-02-25 23:53:32,s21,4,h2,73,409,6766,26806,0,0,0,3,5,266,386,88,77,.60,NORMAL
2026-02-25 23:53:32,s22,3,h3,46,383,4124,24202,0,0,0,2,4,168,288,84,72,.50,NORMAL
2026-02-25 23:53:32,s22,4,h4,70,408,6372,26588,0,0,0,4,6,364,484,91,80,.66,NORMAL
2026-02-25 23:53:32,s23,3,h5,72,409,6680,26806,0,0,0,2,4,196,316,98,79,.50,NORMAL
2026-02-25 23:53:32,s23,4,h6,117,454,11034,31160,0,0,0,3,5,294,414,98,82,.60,NORMAL
2026-02-25 23:53:35,s21,3,h1,146,484,13756,33930,0,0,0,3,4,294,384,98,85,.75,NORMAL
2026-02-25 23:53:35,s21,4,h2,78,417,7200,27420,0,0,0,2,4,217,307,86,76,.50,NORMAL
2026-02-25 23:53:35,s22,3,h3,49,389,4418,24676,0,0,0,1,3,147,237,98,79,.33,NORMAL
2026-02-25 23:53:35,s22,4,h4,76,417,6960,27356,0,0,0,3,4,294,384,98,85,.75,NORMAL
2026-02-25 23:53:35,s23,3,h5,78,418,7212,27518,0,0,0,3,4,266,356,88,79,.75,NORMAL
2026-02-25 23:53:35,s23,4,h6,117,457,11034,31340,0,0,0,0,1,0,90,0,60,0,NORMAL
2026-02-25 23:53:38,s21,3,h1,149,490,14050,34404,0,0,0,1,3,147,237,98,79,.33,NORMAL
2026-02-25 23:53:38,s21,4,h2,82,424,7592,27992,0,0,0,2,3,196,286,98,81,.66,NORMAL
2026-02-25 23:53:38,s22,3,h3,52,395,4712,25150,0,0,0,1,3,147,237,98,79,.33,NORMAL
2026-02-25 23:53:38,s22,4,h4,83,427,7646,28222,0,0,0,3,5,343,433,98,86,.60,NORMAL
2026-02-25 23:53:38,s23,3,h5,82,425,7604,28090,0,0,0,2,3,196,286,98,81,.66,NORMAL
2026-02-25 23:53:38,s23,4,h6,117,460,11034,31520,0,0,0,0,1,0,90,0,60,0,NORMAL
2026-02-25 23:53:41,s21,3,h1,153,498,14442,35036,0,0,0,2,4,196,316,98,79,.50,NORMAL
2026-02-25 23:53:41,s21,4,h2,87,433,8082,28722,0,0,0,2,4,245,365,98,81,.50,NORMAL
2026-02-25 23:53:41,s22,3,h3,55,402,5006,25684,0,0,0,1,3,147,267,98,76,.33,NORMAL
2026-02-25 23:53:41,s22,4,h4,90,438,8332,29148,0,0,0,3,5,343,463,98,84,.60,NORMAL
2026-02-25 23:53:41,s23,3,h5,87,434,8094,28820,0,0,0,2,4,245,365,98,81,.50,NORMAL
2026-02-25 23:53:41,s23,4,h6,117,464,11034,31760,0,0,0,0,2,0,120,0,60,0,NORMAL
2026-02-25 23:53:44,s21,3,h1,157,505,14834,35608,0,0,0,2,3,196,286,98,81,.66,NORMAL
2026-02-25 23:53:44,s21,4,h2,91,440,8474,29294,0,0,0,2,3,196,286,98,81,.66,NORMAL
2026-02-25 23:53:44,s22,3,h3,58,408,5300,26158,0,0,0,1,3,147,237,98,79,.33,NORMAL
2026-02-25 23:53:44,s22,4,h4,97,448,9018,30014,0,0,0,3,5,343,433,98,86,.60,NORMAL
2026-02-25 23:53:44,s23,3,h5,91,441,8486,29392,0,0,0,2,3,196,286,98,81,.66,NORMAL
2026-02-25 23:53:44,s23,4,h6,117,467,11034,31940,0,0,0,0,1,0,90,0,60,0,NORMAL
2026-02-25 23:53:47,s21,3,h1,161,513,15226,36240,0,0,0,2,4,196,316,98,79,.50,NORMAL
2026-02-25 23:53:47,s21,4,h2,96,449,8964,30024,0,0,0,2,4,245,365,98,81,.50,NORMAL
2026-02-25 23:53:47,s22,3,h3,61,414,5594,26632,0,0,0,1,3,147,237,98,79,.33,NORMAL
2026-02-25 23:53:47,s22,4,h4,103,458,9606,30842,0,0,0,3,5,294,414,98,82,.60,NORMAL
2026-02-25 23:53:47,s23,3,h5,96,450,8976,30122,0,0,0,2,4,245,365,98,81,.50,NORMAL
2026-02-25 23:53:47,s23,4,h6,117,471,11034,32180,0,0,0,0,2,0,120,0,60,0,NORMAL
2026-02-25 23:53:51,s21,3,h1,165,520,15618,36812,0,0,0,2,3,196,286,98,81,.66,NORMAL
2026-02-25 23:53:51,s21,4,h2,98,454,9160,30400,0,0,0,1,2,98,188,98,75,.50,NORMAL
2026-02-25 23:53:51,s22,3,h3,65,422,5930,27208,0,0,0,2,4,168,288,84,72,.50,NORMAL
2026-02-25 23:53:51,s22,4,h4,111,469,10334,31750,0,0,0,4,5,364,454,91,82,.80,NORMAL
2026-02-25 23:53:51,s23,3,h5,97,454,9074,30400,0,0,0,0,2,49,139,98,69,0,NORMAL
2026-02-25 23:53:51,s23,4,h6,117,474,11034,32360,0,0,0,0,1,0,90,0,60,0,NORMAL
2026-02-25 23:53:54,s21,3,h1,168,526,15912,37286,0,0,0,1,3,147,237,98,79,.33,NORMAL
2026-02-25 23:53:54,s21,4,h2,98,457,9160,30580,0,0,0,0,1,0,90,0,60,0,NORMAL
2026-02-25 23:53:54,s22,3,h3,68,428,6224,27682,0,0,0,1,3,147,237,98,79,.33,NORMAL
2026-02-25 23:53:54,s22,4,h4,118,479,11020,32616,0,0,0,3,5,343,433,98,86,.60,NORMAL
2026-02-25 23:53:54,s23,3,h5,97,457,9074,30580,0,0,0,0,1,0,90,0,60,0,NORMAL
2026-02-25 23:53:54,s23,4,h6,117,477,11034,32540,0,0,0,0,1,0,90,0,60,0,NORMAL
2026-02-25 23:53:57,s21,3,h1,172,534,16304,37918,0,0,0,2,4,196,316,98,79,.50,NORMAL
2026-02-25 23:53:57,s21,4,h2,98,461,9160,30820,0,0,0,0,2,0,120,0,60,0,NORMAL
2026-02-25 23:53:57,s22,3,h3,71,435,6518,28216,0,0,0,1,3,147,267,98,76,.33,NORMAL
2026-02-25 23:53:57,s22,4,h4,125,490,11706,33542,0,0,0,3,5,343,463,98,84,.60,NORMAL
2026-02-25 23:53:57,s23,3,h5,97,461,9074,30820,0,0,0,0,2,0,120,0,60,0,NORMAL
2026-02-25 23:53:57,s23,4,h6,117,481,11034,32780,0,0,0,0,2,0,120,0,60,0,NORMAL
2026-02-25 23:54:00,s21,3,h1,177,542,16738,38532,0,0,0,2,4,217,307,86,76,.50,NORMAL
2026-02-25 23:54:00,s21,4,h2,98,464,9160,31000,0,0,0,0,1,0,90,0,60,0,NORMAL
2026-02-25 23:54:00,s22,3,h3,75,442,6854,28732,0,0,0,2,3,168,258,84,73,.66,NORMAL
2026-02-25 23:54:00,s22,4,h4,133,501,12378,34394,0,0,0,4,5,336,426,84,77,.80,NORMAL
2026-02-25 23:54:00,s23,3,h5,97,464,9074,31000,0,0,0,0,1,0,90,0,60,0,NORMAL
2026-02-25 23:54:00,s23,4,h6,117,484,11034,32960,0,0,0,0,1,0,90,0,60,0,NORMAL
2026-02-25 23:54:03,s21,3,h1,180,548,17032,39006,0,0,0,1,3,147,237,98,79,.33,NORMAL
2026-02-25 23:54:03,s21,4,h2,98,467,9160,31180,0,0,0,0,1,0,90,0,60,0,NORMAL
2026-02-25 23:54:03,s22,3,h3,78,448,7148,29206,0,0,0,1,3,147,237,98,79,.33,NORMAL
2026-02-25 23:54:03,s22,4,h4,140,511,13064,35260,0,0,0,3,5,343,433,98,86,.60,NORMAL
2026-02-25 23:54:03,s23,3,h5,97,467,9074,31180,0,0,0,0,1,0,90,0,60,0,NORMAL
2026-02-25 23:54:03,s23,4,h6,117,487,11034,33140,0,0,0,0,1,0,90,0,60,0,NORMAL
2026-02-25 23:54:06,s21,3,h1,185,557,17466,39680,0,0,0,2,4,217,337,86,74,.50,NORMAL
2026-02-25 23:54:06,s21,4,h2,98,471,9160,31420,0,0,0,0,2,0,120,0,60,0,NORMAL
2026-02-25 23:54:06,s22,3,h3,79,452,7246,29484,0,0,0,0,2,49,139,98,69,0,NORMAL
2026-02-25 23:54:06,s22,4,h4,146,521,13596,36032,0,0,0,3,5,266,386,88,77,.60,NORMAL
2026-02-25 23:54:06,s23,3,h5,97,471,9074,31420,0,0,0,0,2,0,120,0,60,0,NORMAL
2026-02-25 23:54:06,s23,4,h6,117,491,11034,33380,0,0,0,0,2,0,120,0,60,0,NORMAL
2026-02-25 23:54:09,s21,3,h1,189,564,17858,40252,0,0,0,2,3,196,286,98,81,.66,NORMAL
2026-02-25 23:54:09,s21,4,h2,98,474,9160,31600,0,0,0,0,1,0,90,0,60,0,NORMAL
2026-02-25 23:54:09,s22,3,h3,79,456,7246,29724,0,0,0,0,2,0,120,0,60,0,NORMAL
2026-02-25 23:54:09,s22,4,h4,149,527,13890,36506,0,0,0,1,3,147,237,98,79,.33,NORMAL
2026-02-25 23:54:09,s23,3,h5,97,474,9074,31600,0,0,0,0,1,0,90,0,60,0,NORMAL
2026-02-25 23:54:09,s23,4,h6,117,494,11034,33560,0,0,0,0,1,0,90,0,60,0,NORMAL
2026-02-25 23:54:12,s21,3,h1,192,570,18152,40726,0,0,0,1,3,147,237,98,79,.33,NORMAL
2026-02-25 23:54:12,s21,4,h2,98,477,9160,31780,0,0,0,0,1,0,90,0,60,0,NORMAL
2026-02-25 23:54:12,s22,3,h3,79,459,7246,29904,0,0,0,0,1,0,90,0,60,0,NORMAL
2026-02-25 23:54:12,s22,4,h4,152,533,14184,36980,0,0,0,1,3,147,237,98,79,.33,NORMAL
2026-02-25 23:54:12,s23,3,h5,97,477,9074,31780,0,0,0,0,1,0,90,0,60,0,NORMAL
2026-02-25 23:54:12,s23,4,h6,117,497,11034,33740,0,0,0,0,1,0,90,0,60,0,NORMAL
2026-02-25 23:54:15,s21,3,h1,192,573,18152,40906,0,0,0,0,1,0,90,0,60,0,NORMAL
2026-02-25 23:54:15,s21,4,h2,98,480,9160,31960,0,0,0,0,1,0,90,0,60,0,NORMAL
2026-02-25 23:54:15,s22,3,h3,79,462,7246,30084,0,0,0,0,1,0,90,0,60,0,NORMAL
2026-02-25 23:54:15,s22,4,h4,152,536,14184,37160,0,0,0,0,1,0,90,0,60,0,NORMAL
2026-02-25 23:54:15,s23,3,h5,97,480,9074,31960,0,0,0,0,1,0,90,0,60,0,NORMAL
2026-02-25 23:54:15,s23,4,h6,117,500,11034,33920,0,0,0,0,1,0,90,0,60,0,NORMAL
2026-02-25 23:54:18,s21,3,h1,192,577,18152,41146,0,0,0,0,2,0,120,0,60,0,NORMAL
2026-02-25 23:54:18,s21,4,h2,98,484,9160,32200,0,0,0,0,2,0,120,0,60,0,NORMAL
2026-02-25 23:54:18,s22,3,h3,79,466,7246,30324,0,0,0,0,2,0,120,0,60,0,NORMAL
2026-02-25 23:54:18,s22,4,h4,152,540,14184,37400,0,0,0,0,2,0,120,0,60,0,NORMAL
2026-02-25 23:54:18,s23,3,h5,97,484,9074,32200,0,0,0,0,2,0,120,0,60,0,NORMAL
2026-02-25 23:54:18,s23,4,h6,117,504,11034,34160,0,0,0,0,2,0,120,0,60,0,NORMAL
2026-02-25 23:54:21,s21,3,h1,192,580,18152,41326,0,0,0,0,1,0,90,0,60,0,NORMAL
2026-02-25 23:54:21,s21,4,h2,98,487,9160,32380,0,0,0,0,1,0,90,0,60,0,NORMAL
2026-02-25 23:54:21,s22,3,h3,79,469,7246,30504,0,0,0,0,1,0,90,0,60,0,NORMAL
2026-02-25 23:54:21,s22,4,h4,152,543,14184,37580,0,0,0,0,1,0,90,0,60,0,NORMAL
2026-02-25 23:54:21,s23,3,h5,97,487,9074,32380,0,0,0,0,1,0,90,0,60,0,NORMAL
2026-02-25 23:54:21,s23,4,h6,117,507,11034,34340,0,0,0,0,1,0,90,0,60,0,NORMAL
2026-02-25 23:54:24,s21,3,h1,192,583,18152,41506,0,0,0,0,1,0,90,0,60,0,NORMAL
2026-02-25 23:54:24,s21,4,h2,98,490,9160,32560,0,0,0,0,1,0,90,0,60,0,NORMAL
2026-02-25 23:54:24,s22,3,h3,79,472,7246,30684,0,0,0,0,1,0,90,0,60,0,NORMAL
2026-02-25 23:54:24,s22,4,h4,152,546,14184,37760,0,0,0,0,1,0,90,0,60,0,NORMAL
2026-02-25 23:54:24,s23,3,h5,97,490,9074,32560,0,0,0,0,1,0,90,0,60,0,NORMAL
2026-02-25 23:54:24,s23,4,h6,117,510,11034,34520,0,0,0,0,1,0,90,0,60,0,NORMAL
2026-02-25 23:54:27,s21,3,h1,192,586,18152,41686,0,0,0,0,1,0,90,0,60,0,NORMAL
2026-02-25 23:54:27,s21,4,h2,98,493,9160,32740,0,0,0,0,1,0,90,0,60,0,NORMAL
2026-02-25 23:54:27,s22,3,h3,79,475,7246,30864,0,0,0,0,1,0,90,0,60,0,NORMAL
2026-02-25 23:54:27,s22,4,h4,152,549,14184,37940,0,0,0,0,1,0,90,0,60,0,NORMAL
2026-02-25 23:54:27,s23,3,h5,97,493,9074,32740,0,0,0,0,1,0,90,0,60,0,NORMAL
2026-02-25 23:54:27,s23,4,h6,117,513,11034,34700,0,0,0,0,1,0,90,0,60,0,NORMAL
2026-02-25 23:54:30,s21,3,h1,192,590,18152,41926,0,0,0,0,2,0,120,0,60,0,NORMAL
2026-02-25 23:54:30,s21,4,h2,98,497,9160,32980,0,0,0,0,2,0,120,0,60,0,NORMAL
2026-02-25 23:54:30,s22,3,h3,79,479,7246,31104,0,0,0,0,2,0,120,0,60,0,NORMAL
2026-02-25 23:54:30,s22,4,h4,152,553,14184,38180,0,0,0,0,2,0,120,0,60,0,NORMAL
2026-02-25 23:54:30,s23,3,h5,97,497,9074,32980,0,0,0,0,2,0,120,0,60,0,NORMAL
2026-02-25 23:54:30,s23,4,h6,117,517,11034,34940,0,0,0,0,2,0,120,0,60,0,NORMAL
2026-02-25 23:54:33,s21,3,h1,192,593,18152,42106,0,0,0,0,1,0,90,0,60,0,NORMAL
2026-02-25 23:54:33,s21,4,h2,98,500,9160,33160,0,0,0,0,1,0,90,0,60,0,NORMAL
2026-02-25 23:54:33,s22,3,h3,79,482,7246,31284,0,0,0,0,1,0,90,0,60,0,NORMAL
2026-02-25 23:54:33,s22,4,h4,152,556,14184,38360,0,0,0,0,1,0,90,0,60,0,NORMAL
2026-02-25 23:54:33,s23,3,h5,97,500,9074,33160,0,0,0,0,1,0,90,0,60,0,NORMAL
2026-02-25 23:54:33,s23,4,h6,117,520,11034,35120,0,0,0,0,1,0,90,0,60,0,NORMAL
2026-02-25 23:54:36,s21,3,h1,192,596,18152,42286,0,0,0,0,1,0,90,0,60,0,NORMAL
2026-02-25 23:54:36,s21,4,h2,98,503,9160,33340,0,0,0,0,1,0,90,0,60,0,NORMAL
2026-02-25 23:54:36,s22,3,h3,79,485,7246,31464,0,0,0,0,1,0,90,0,60,0,NORMAL
2026-02-25 23:54:36,s22,4,h4,152,559,14184,38540,0,0,0,0,1,0,90,0,60,0,NORMAL
2026-02-25 23:54:36,s23,3,h5,97,503,9074,33340,0,0,0,0,1,0,90,0,60,0,NORMAL
2026-02-25 23:54:36,s23,4,h6,117,523,11034,35300,0,0,0,0,1,0,90,0,60,0,NORMAL
2026-02-25 23:54:39,s21,3,h1,192,600,18152,42526,0,0,0,0,2,0,120,0,60,0,NORMAL
2026-02-25 23:54:39,s21,4,h2,98,507,9160,33580,0,0,0,0,2,0,120,0,60,0,NORMAL
2026-02-25 23:54:39,s22,3,h3,79,489,7246,31704,0,0,0,0,2,0,120,0,60,0,NORMAL
2026-02-25 23:54:39,s22,4,h4,152,563,14184,38780,0,0,0,0,2,0,120,0,60,0,NORMAL
2026-02-25 23:54:39,s23,3,h5,97,507,9074,33580,0,0,0,0,2,0,120,0,60,0,NORMAL
2026-02-25 23:54:39,s23,4,h6,117,527,11034,35540,0,0,0,0,2,0,120,0,60,0,NORMAL
2026-02-25 23:54:42,s21,3,h1,192,603,18152,42706,0,0,0,0,1,0,90,0,60,0,NORMAL
2026-02-25 23:54:42,s21,4,h2,98,510,9160,33760,0,0,0,0,1,0,90,0,60,0,NORMAL
2026-02-25 23:54:42,s22,3,h3,79,492,7246,31884,0,0,0,0,1,0,90,0,60,0,NORMAL
2026-02-25 23:54:42,s22,4,h4,152,566,14184,38960,0,0,0,0,1,0,90,0,60,0,NORMAL
2026-02-25 23:54:42,s23,3,h5,97,510,9074,33760,0,0,0,0,1,0,90,0,60,0,NORMAL
2026-02-25 23:54:42,s23,4,h6,117,530,11034,35720,0,0,0,0,1,0,90,0,60,0,NORMAL
2026-02-25 23:54:46,s21,3,h1,192,606,18152,42886,0,0,0,0,1,0,90,0,60,0,NORMAL
2026-02-25 23:54:46,s21,4,h2,98,514,9160,34000,0,0,0,0,2,0,120,0,60,0,NORMAL
2026-02-25 23:54:46,s22,3,h3,79,495,7246,32064,0,0,0,0,1,0,90,0,60,0,NORMAL
2026-02-25 23:54:46,s22,4,h4,152,569,14184,39140,0,0,0,0,1,0,90,0,60,0,NORMAL
2026-02-25 23:54:46,s23,3,h5,97,514,9074,34000,0,0,0,0,2,0,120,0,60,0,NORMAL
2026-02-25 23:54:46,s23,4,h6,117,534,11034,35960,0,0,0,0,2,0,120,0,60,0,NORMAL
2026-02-25 23:54:49,s21,3,h1,192,610,18152,43126,0,0,0,0,2,0,120,0,60,0,NORMAL
2026-02-25 23:54:49,s21,4,h2,98,517,9160,34180,0,0,0,0,1,0,90,0,60,0,NORMAL
2026-02-25 23:54:49,s22,3,h3,79,499,7246,32304,0,0,0,0,2,0,120,0,60,0,NORMAL
2026-02-25 23:54:49,s22,4,h4,152,573,14184,39380,0,0,0,0,2,0,120,0,60,0,NORMAL
2026-02-25 23:54:49,s23,3,h5,97,517,9074,34180,0,0,0,0,1,0,90,0,60,0,NORMAL
2026-02-25 23:54:49,s23,4,h6,117,537,11034,36140,0,0,0,0,1,0,90,0,60,0,NORMAL
2026-02-25 23:54:52,s21,3,h1,192,613,18152,43306,0,0,0,0,1,0,90,0,60,0,NORMAL
2026-02-25 23:54:52,s21,4,h2,98,520,9160,34360,0,0,0,0,1,0,90,0,60,0,NORMAL
2026-02-25 23:54:52,s22,3,h3,79,502,7246,32484,0,0,0,0,1,0,90,0,60,0,NORMAL
2026-02-25 23:54:52,s22,4,h4,152,576,14184,39560,0,0,0,0,1,0,90,0,60,0,NORMAL
2026-02-25 23:54:52,s23,3,h5,97,520,9074,34360,0,0,0,0,1,0,90,0,60,0,NORMAL
2026-02-25 23:54:52,s23,4,h6,117,540,11034,36320,0,0,0,0,1,0,90,0,60,0,NORMAL
2026-02-25 23:54:55,s21,3,h1,192,617,18152,43546,0,0,0,0,2,0,120,0,60,0,NORMAL
2026-02-25 23:54:55,s21,4,h2,98,524,9160,34600,0,0,0,0,2,0,120,0,60,0,NORMAL
2026-02-25 23:54:55,s22,3,h3,79,506,7246,32724,0,0,0,0,2,0,120,0,60,0,NORMAL
2026-02-25 23:54:55,s22,4,h4,152,580,14184,39800,0,0,0,0,2,0,120,0,60,0,NORMAL
2026-02-25 23:54:55,s23,3,h5,97,524,9074,34600,0,0,0,0,2,0,120,0,60,0,NORMAL
2026-02-25 23:54:55,s23,4,h6,117,544,11034,36560,0,0,0,0,2,0,120,0,60,0,NORMAL
2026-02-25 23:54:58,s21,3,h1,192,620,18152,43726,0,0,0,0,1,0,90,0,60,0,NORMAL
2026-02-25 23:54:58,s21,4,h2,98,527,9160,34780,0,0,0,0,1,0,90,0,60,0,NORMAL
2026-02-25 23:54:58,s22,3,h3,79,509,7246,32904,0,0,0,0,1,0,90,0,60,0,NORMAL
2026-02-25 23:54:58,s22,4,h4,152,583,14184,39980,0,0,0,0,1,0,90,0,60,0,NORMAL
2026-02-25 23:54:58,s23,3,h5,97,527,9074,34780,0,0,0,0,1,0,90,0,60,0,NORMAL
2026-02-25 23:54:58,s23,4,h6,117,547,11034,36740,0,0,0,0,1,0,90,0,60,0,NORMAL
2026-02-25 23:55:01,s21,3,h1,192,623,18152,43906,0,0,0,0,1,0,90,0,60,0,NORMAL
2026-02-25 23:55:01,s21,4,h2,98,530,9160,34960,0,0,0,0,1,0,90,0,60,0,NORMAL
2026-02-25 23:55:01,s22,3,h3,79,512,7246,33084,0,0,0,0,1,0,90,0,60,0,NORMAL
2026-02-25 23:55:01,s22,4,h4,152,586,14184,40160,0,0,0,0,1,0,90,0,60,0,NORMAL
2026-02-25 23:55:01,s23,3,h5,97,530,9074,34960,0,0,0,0,1,0,90,0,60,0,NORMAL
2026-02-25 23:55:01,s23,4,h6,117,550,11034,36920,0,0,0,0,1,0,90,0,60,0,NORMAL
2026-02-25 23:55:04,s21,3,h1,192,627,18152,44146,0,0,0,0,2,0,120,0,60,0,NORMAL
2026-02-25 23:55:04,s21,4,h2,98,534,9160,35200,0,0,0,0,2,0,120,0,60,0,NORMAL
2026-02-25 23:55:04,s22,3,h3,79,516,7246,33324,0,0,0,0,2,0,120,0,60,0,NORMAL
2026-02-25 23:55:04,s22,4,h4,152,590,14184,40400,0,0,0,0,2,0,120,0,60,0,NORMAL
2026-02-25 23:55:04,s23,3,h5,97,534,9074,35200,0,0,0,0,2,0,120,0,60,0,NORMAL
2026-02-25 23:55:04,s23,4,h6,117,554,11034,37160,0,0,0,0,2,0,120,0,60,0,NORMAL
2026-02-25 23:55:07,s21,3,h1,192,630,18152,44326,0,0,0,0,1,0,90,0,60,0,NORMAL
2026-02-25 23:55:07,s21,4,h2,98,537,9160,35380,0,0,0,0,1,0,90,0,60,0,NORMAL
2026-02-25 23:55:07,s22,3,h3,79,519,7246,33504,0,0,0,0,1,0,90,0,60,0,NORMAL
2026-02-25 23:55:07,s22,4,h4,152,593,14184,40580,0,0,0,0,1,0,90,0,60,0,NORMAL
2026-02-25 23:55:07,s23,3,h5,97,537,9074,35380,0,0,0,0,1,0,90,0,60,0,NORMAL
2026-02-25 23:55:07,s23,4,h6,117,557,11034,37340,0,0,0,0,1,0,90,0,60,0,NORMAL
2026-02-25 23:55:10,s21,3,h1,192,633,18152,44506,0,0,0,0,1,0,90,0,60,0,NORMAL
2026-02-25 23:55:10,s21,4,h2,98,540,9160,35560,0,0,0,0,1,0,90,0,60,0,NORMAL
2026-02-25 23:55:10,s22,3,h3,79,522,7246,33684,0,0,0,0,1,0,90,0,60,0,NORMAL
2026-02-25 23:55:10,s22,4,h4,152,596,14184,40760,0,0,0,0,1,0,90,0,60,0,NORMAL
2026-02-25 23:55:10,s23,3,h5,97,540,9074,35560,0,0,0,0,1,0,90,0,60,0,NORMAL
2026-02-25 23:55:10,s23,4,h6,117,560,11034,37520,0,0,0,0,1,0,90,0,60,0,NORMAL
2026-02-25 23:55:13,s21,3,h1,192,636,18152,44686,0,0,0,0,1,0,90,0,60,0,NORMAL
2026-02-25 23:55:13,s21,4,h2,98,544,9160,35800,0,0,0,0,2,0,120,0,60,0,NORMAL
2026-02-25 23:55:13,s22,3,h3,79,525,7246,33864,0,0,0,0,1,0,90,0,60,0,NORMAL
2026-02-25 23:55:13,s22,4,h4,152,599,14184,40940,0,0,0,0,1,0,90,0,60,0,NORMAL
2026-02-25 23:55:13,s23,3,h5,97,543,9074,35740,0,0,0,0,1,0,90,0,60,0,NORMAL
2026-02-25 23:55:13,s23,4,h6,117,563,11034,37700,0,0,0,0,1,0,90,0,60,0,NORMAL
2026-02-25 23:55:16,s21,3,h1,192,640,18152,44926,0,0,0,0,2,0,120,0,60,0,NORMAL
2026-02-25 23:55:16,s21,4,h2,98,547,9160,35980,0,0,0,0,1,0,90,0,60,0,NORMAL
2026-02-25 23:55:16,s22,3,h3,79,529,7246,34104,0,0,0,0,2,0,120,0,60,0,NORMAL
2026-02-25 23:55:16,s22,4,h4,152,603,14184,41180,0,0,0,0,2,0,120,0,60,0,NORMAL
2026-02-25 23:55:16,s23,3,h5,97,547,9074,35980,0,0,0,0,2,0,120,0,60,0,NORMAL
2026-02-25 23:55:16,s23,4,h6,117,567,11034,37940,0,0,0,0,2,0,120,0,60,0,NORMAL
2026-02-25 23:55:19,s21,3,h1,193,644,18226,45160,0,0,0,0,2,37,117,74,58,0,NORMAL
2026-02-25 23:55:19,s21,4,h2,98,550,9160,36160,0,0,0,0,1,0,90,0,60,0,NORMAL
2026-02-25 23:55:19,s22,3,h3,79,532,7246,34284,0,0,0,0,1,0,90,0,60,0,NORMAL
2026-02-25 23:55:19,s22,4,h4,152,606,14184,41360,0,0,0,0,1,0,90,0,60,0,NORMAL
2026-02-25 23:55:19,s23,3,h5,97,550,9074,36160,0,0,0,0,1,0,90,0,60,0,NORMAL
2026-02-25 23:55:19,s23,4,h6,118,571,11088,38194,0,0,0,0,2,27,127,54,63,0,NORMAL
2026-02-25 23:55:22,s21,3,h1,193,647,18226,45340,0,0,0,0,1,0,90,0,60,0,NORMAL
2026-02-25 23:55:22,s21,4,h2,98,553,9160,36340,0,0,0,0,1,0,90,0,60,0,NORMAL
2026-02-25 23:55:22,s22,3,h3,79,535,7246,34464,0,0,0,0,1,0,90,0,60,0,NORMAL
2026-02-25 23:55:22,s22,4,h4,152,609,14184,41540,0,0,0,0,1,0,90,0,60,0,NORMAL
2026-02-25 23:55:22,s23,3,h5,97,553,9074,36340,0,0,0,0,1,0,90,0,60,0,NORMAL
2026-02-25 23:55:22,s23,4,h6,120,576,11172,38458,0,0,0,1,2,42,132,42,52,.50,NORMAL
2026-02-25 23:55:26,s21,3,h1,195,652,18310,45604,0,0,0,1,2,42,132,42,52,.50,NORMAL
2026-02-25 23:55:26,s21,4,h2,98,557,9160,36580,0,0,0,0,2,0,120,0,60,0,NORMAL
2026-02-25 23:55:26,s22,3,h3,79,538,7246,34644,0,0,0,0,1,0,90,0,60,0,NORMAL
2026-02-25 23:55:26,s22,4,h4,152,612,14184,41720,0,0,0,0,1,0,90,0,60,0,NORMAL
2026-02-25 23:55:26,s23,3,h5,97,557,9074,36580,0,0,0,0,2,0,120,0,60,0,NORMAL
2026-02-25 23:55:26,s23,4,h6,120,580,11172,38698,0,0,0,0,2,0,120,0,60,0,NORMAL
2026-02-25 23:55:29,s21,3,h1,195,656,18310,45844,0,0,0,0,2,0,120,0,60,0,NORMAL
2026-02-25 23:55:29,s21,4,h2,98,560,9160,36760,0,0,0,0,1,0,90,0,60,0,NORMAL
2026-02-25 23:55:29,s22,3,h3,79,542,7246,34884,0,0,0,0,2,0,120,0,60,0,NORMAL
2026-02-25 23:55:29,s22,4,h4,152,616,14184,41960,0,0,0,0,2,0,120,0,60,0,NORMAL
2026-02-25 23:55:29,s23,3,h5,97,560,9074,36760,0,0,0,0,1,0,90,0,60,0,NORMAL
2026-02-25 23:55:29,s23,4,h6,120,583,11172,38878,0,0,0,0,1,0,90,0,60,0,NORMAL
2026-02-25 23:55:32,s21,3,h1,197,661,21334,47204,0,0,0,1,2,1512,680,1512,272,.50,NORMAL
2026-02-25 23:55:32,s21,4,h2,98,563,9160,36940,0,0,0,0,1,0,90,0,60,0,NORMAL
2026-02-25 23:55:32,s22,3,h3,79,545,7246,35064,0,0,0,0,1,0,90,0,60,0,NORMAL
2026-02-25 23:55:32,s22,4,h4,152,619,14184,42140,0,0,0,0,1,0,90,0,60,0,NORMAL
2026-02-25 23:55:32,s23,3,h5,98,563,9144,36940,0,0,0,0,1,35,90,70,60,0,NORMAL
2026-02-25 23:55:32,s23,4,h6,126,962,14712,607570,0,0,0,3,189,1770,284346,590,1500,.01,NORMAL
2026-02-25 23:55:35,s21,3,h1,1544,671,2057998,51514,0,0,0,673,5,1018332,2155,1512,431,134.60,NORMAL
2026-02-25 23:55:35,s21,4,h2,98,566,9160,37120,0,0,0,0,1,0,90,0,60,0,NORMAL
2026-02-25 23:55:35,s22,3,h3,79,548,7246,35244,0,0,0,0,1,0,90,0,60,0,NORMAL
2026-02-25 23:55:35,s22,4,h4,152,622,14184,42320,0,0,0,0,1,0,90,0,60,0,NORMAL
2026-02-25 23:55:35,s23,3,h5,98,566,9144,37120,0,0,0,0,1,0,90,0,60,0,NORMAL
2026-02-25 23:55:35,s23,4,h6,129,2342,16482,2689774,0,0,0,1,690,885,1041102,590,1508,0,NORMAL
2026-02-25 23:55:38,s21,3,h1,2926,678,4147582,53524,0,0,0,691,3,1044792,1005,1512,287,230.33,NORMAL
2026-02-25 23:55:38,s21,4,h2,98,570,9160,37360,0,0,0,0,2,0,120,0,60,0,NORMAL
2026-02-25 23:55:38,s22,3,h3,79,552,7246,35484,0,0,0,0,2,0,120,0,60,0,NORMAL
2026-02-25 23:55:38,s22,4,h4,152,626,14184,42560,0,0,0,0,2,0,120,0,60,0,NORMAL
2026-02-25 23:55:38,s23,3,h5,98,570,9144,37360,0,0,0,0,2,0,120,0,60,0,NORMAL
2026-02-25 23:55:38,s23,4,h6,133,3728,18842,4779598,0,0,0,2,693,1180,1044912,590,1507,0,NORMAL
2026-02-25 23:55:41,s21,3,h1,4308,684,6237166,55474,0,0,0,691,3,1044792,975,1512,325,230.33,NORMAL
2026-02-25 23:55:41,s21,4,h2,98,573,9160,37540,0,0,0,0,1,0,90,0,60,0,NORMAL
2026-02-25 23:55:41,s22,3,h3,79,555,7246,35664,0,0,0,0,1,0,90,0,60,0,NORMAL
2026-02-25 23:55:41,s22,4,h4,152,629,14184,42740,0,0,0,0,1,0,90,0,60,0,NORMAL
2026-02-25 23:55:41,s23,3,h5,98,573,9144,37540,0,0,0,0,1,0,90,0,60,0,NORMAL
2026-02-25 23:55:41,s23,4,h6,136,5124,20612,6885994,0,0,0,1,698,885,1053198,590,1508,0,NORMAL
2026-02-25 23:55:44,s21,3,h1,5698,690,8338846,57424,0,0,0,695,3,1050840,975,1512,325,231.66,NORMAL
2026-02-25 23:55:44,s21,4,h2,98,577,9160,37780,0,0,0,0,2,0,120,0,60,0,NORMAL
2026-02-25 23:55:44,s22,3,h3,79,558,7246,35844,0,0,0,0,1,0,90,0,60,0,NORMAL
2026-02-25 23:55:44,s22,4,h4,152,633,14184,42980,0,0,0,0,2,0,120,0,60,0,NORMAL
2026-02-25 23:55:44,s23,3,h5,98,577,9144,37780,0,0,0,0,2,0,120,0,60,0,NORMAL
2026-02-25 23:55:44,s23,4,h6,139,6539,22382,9019666,0,0,0,1,707,885,1066836,590,1507,0,NORMAL
2026-02-25 23:55:47,s21,3,h1,7114,697,10479838,59434,0,0,0,708,3,1070496,1005,1512,287,236.00,NORMAL
2026-02-25 23:55:47,s21,4,h2,98,580,9160,37960,0,0,0,0,1,0,90,0,60,0,NORMAL
2026-02-25 23:55:47,s22,3,h3,79,562,7246,36084,0,0,0,0,2,0,120,0,60,0,NORMAL
2026-02-25 23:55:47,s22,4,h4,152,636,14184,43160,0,0,0,0,1,0,90,0,60,0,NORMAL
2026-02-25 23:55:47,s23,3,h5,98,580,9144,37960,0,0,0,0,1,0,90,0,60,0,NORMAL
2026-02-25 23:55:47,s23,4,h6,142,7981,24152,11195614,0,0,0,1,721,885,1087974,590,1508,0,NORMAL
2026-02-25 23:55:50,s21,3,h1,8541,703,12637462,61384,0,0,0,713,3,1078812,975,1512,325,237.66,NORMAL
2026-02-25 23:55:50,s21,4,h2,98,583,9160,38140,0,0,0,0,1,0,90,0,60,0,NORMAL
2026-02-25 23:55:50,s22,3,h3,79,565,7246,36264,0,0,0,0,1,0,90,0,60,0,NORMAL
2026-02-25 23:55:50,s22,4,h4,152,639,14184,43340,0,0,0,0,1,0,90,0,60,0,NORMAL
2026-02-25 23:55:50,s23,3,h5,98,583,9144,38140,0,0,0,0,1,0,90,0,60,0,NORMAL
2026-02-25 23:55:50,s23,4,h6,145,9368,25922,13288402,0,0,0,1,693,885,1046394,590,1508,0,NORMAL
2026-02-25 23:55:53,s21,3,h1,9930,710,14737630,63394,0,0,0,694,3,1050084,1005,1512,287,231.33,NORMAL
2026-02-25 23:55:53,s21,4,h2,98,587,9160,38380,0,0,0,0,2,0,120,0,60,0,NORMAL
2026-02-25 23:55:53,s22,3,h3,79,569,7246,36504,0,0,0,0,2,0,120,0,60,0,NORMAL
2026-02-25 23:55:53,s22,4,h4,152,643,14184,43580,0,0,0,0,2,0,120,0,60,0,NORMAL
2026-02-25 23:55:53,s23,3,h5,98,587,9144,38380,0,0,0,0,2,0,120,0,60,0,NORMAL
2026-02-25 23:55:53,s23,4,h6,148,10768,27692,15399394,0,0,0,1,700,885,1055496,590,1507,0,NORMAL
2026-02-25 23:55:57,s21,3,h1,11328,716,16851406,65344,0,0,0,699,3,1056888,975,1512,325,233.00,NORMAL
2026-02-25 23:55:57,s21,4,h2,98,590,9160,38560,0,0,0,0,1,0,90,0,60,0,NORMAL
2026-02-25 23:55:57,s22,3,h3,79,572,7246,36684,0,0,0,0,1,0,90,0,60,0,NORMAL
2026-02-25 23:55:57,s22,4,h4,152,646,14184,43760,0,0,0,0,1,0,90,0,60,0,NORMAL
2026-02-25 23:55:57,s23,3,h5,98,590,9144,38560,0,0,0,0,1,0,90,0,60,0,NORMAL
2026-02-25 23:55:57,s23,4,h6,151,12139,29462,17467990,0,0,0,1,685,885,1034298,590,1508,0,NORMAL
2026-02-25 23:56:00,s21,3,h1,12697,724,18919864,67926,0,0,0,684,4,1034229,1291,1510,322,171.00,NORMAL
2026-02-25 23:56:00,s21,4,h2,98,594,9160,38800,0,0,0,0,2,0,120,0,60,0,NORMAL
2026-02-25 23:56:00,s22,3,h3,79,575,7246,36864,0,0,0,0,1,0,90,0,60,0,NORMAL
2026-02-25 23:56:00,s22,4,h4,152,649,14184,43940,0,0,0,0,1,0,90,0,60,0,NORMAL
2026-02-25 23:56:00,s23,3,h5,98,593,9144,38740,0,0,0,0,1,0,90,0,60,0,NORMAL
2026-02-25 23:56:00,s23,4,h6,155,13505,31274,19527556,0,0,0,2,683,906,1029783,453,1507,0,NORMAL
2026-02-25 23:56:03,s21,3,h1,14061,731,20982232,69936,0,0,0,682,3,1031184,1005,1512,287,227.33,NORMAL
2026-02-25 23:56:03,s21,4,h2,98,597,9160,38980,0,0,0,0,1,0,90,0,60,0,NORMAL
2026-02-25 23:56:03,s22,3,h3,79,579,7246,37104,0,0,0,0,2,0,120,0,60,0,NORMAL
2026-02-25 23:56:03,s22,4,h4,152,653,14184,44180,0,0,0,0,2,0,120,0,60,0,NORMAL
2026-02-25 23:56:03,s23,3,h5,98,597,9144,38980,0,0,0,0,2,0,120,0,60,0,NORMAL
2026-02-25 23:56:03,s23,4,h6,159,14925,33634,21668788,0,0,0,2,710,1180,1070616,590,1507,0,NORMAL
2026-02-25 23:56:06,s21,3,h1,15474,737,23118688,71886,0,0,0,706,3,1068228,975,1512,325,235.33,NORMAL
2026-02-25 23:56:06,s21,4,h2,98,600,9160,39160,0,0,0,0,1,0,90,0,60,0,NORMAL
2026-02-25 23:56:06,s22,3,h3,79,582,7246,37284,0,0,0,0,1,0,90,0,60,0,NORMAL
2026-02-25 23:56:06,s22,4,h4,152,656,14184,44360,0,0,0,0,1,0,90,0,60,0,NORMAL
2026-02-25 23:56:06,s23,3,h5,98,600,9144,39160,0,0,0,0,1,0,90,0,60,0,NORMAL
2026-02-25 23:56:06,s23,4,h6,162,16265,35404,23690512,0,0,0,1,670,885,1010862,590,1508,0,NORMAL
2026-02-25 23:56:09,s21,3,h1,16828,743,25165936,73836,0,0,0,677,3,1023624,975,1512,325,225.66,NORMAL
2026-02-25 23:56:09,s21,4,h2,98,604,9160,39400,0,0,0,0,2,0,120,0,60,0,NORMAL
2026-02-25 23:56:09,s22,3,h3,79,585,7246,37464,0,0,0,0,1,0,90,0,60,0,NORMAL
2026-02-25 23:56:09,s22,4,h4,152,659,14184,44540,0,0,0,0,1,0,90,0,60,0,NORMAL
2026-02-25 23:56:09,s23,3,h5,98,603,9144,39340,0,0,0,0,1,0,90,0,60,0,NORMAL
2026-02-25 23:56:09,s23,4,h6,165,17630,37174,25750036,0,0,0,1,682,885,1029762,590,1508,0,NORMAL
2026-02-25 23:56:12,s21,3,h1,18173,751,27198106,75888,0,0,0,672,4,1016085,1026,1510,256,168.00,NORMAL
2026-02-25 23:56:12,s21,4,h2,98,607,9160,39580,0,0,0,0,1,0,90,0,60,0,NORMAL
2026-02-25 23:56:12,s22,3,h3,79,589,7246,37704,0,0,0,0,2,0,120,0,60,0,NORMAL
2026-02-25 23:56:12,s22,4,h4,152,663,14184,44780,0,0,0,0,2,0,120,0,60,0,NORMAL
2026-02-25 23:56:12,s23,3,h5,98,607,9144,39580,0,0,0,0,2,0,120,0,60,0,NORMAL
2026-02-25 23:56:12,s23,4,h6,169,18992,38986,27802102,0,0,0,2,681,906,1026033,453,1506,0,NORMAL
2026-02-25 23:56:15,s21,3,h1,19525,757,29242330,77838,0,0,0,676,3,1022112,975,1512,325,225.33,NORMAL
2026-02-25 23:56:15,s21,4,h2,98,610,9160,39760,0,0,0,0,1,0,90,0,60,0,NORMAL
2026-02-25 23:56:15,s22,3,h3,79,592,7246,37884,0,0,0,0,1,0,90,0,60,0,NORMAL
2026-02-25 23:56:15,s22,4,h4,152,666,14184,44960,0,0,0,0,1,0,90,0,60,0,NORMAL
2026-02-25 23:56:15,s23,3,h5,98,610,9144,39760,0,0,0,0,1,0,90,0,60,0,NORMAL
2026-02-25 23:56:15,s23,4,h6,173,20360,40826,29866162,0,0,0,2,684,920,1032030,460,1508,0,NORMAL
2026-02-25 23:56:18,s21,3,h1,20891,763,31307722,79788,0,0,0,683,3,1032696,975,1512,325,227.66,NORMAL
2026-02-25 23:56:18,s21,4,h2,98,613,9160,39940,0,0,0,0,1,0,90,0,60,0,NORMAL
2026-02-25 23:56:18,s22,3,h3,79,595,7246,38064,0,0,0,0,1,0,90,0,60,0,NORMAL
2026-02-25 23:56:18,s22,4,h4,152,669,14184,45140,0,0,0,0,1,0,90,0,60,0,NORMAL
2026-02-25 23:56:18,s23,3,h5,98,613,9144,39940,0,0,0,0,1,0,90,0,60,0,NORMAL
2026-02-25 23:56:18,s23,4,h6,176,21698,42596,31884862,0,0,0,1,669,885,1009350,590,1508,0,NORMAL
2026-02-25 23:56:21,s21,3,h1,22226,770,33326242,81798,0,0,0,667,3,1009260,1005,1512,287,222.33,NORMAL
2026-02-25 23:56:21,s21,4,h2,98,617,9160,40180,0,0,0,0,2,0,120,0,60,0,NORMAL
2026-02-25 23:56:21,s22,3,h3,79,598,7246,38244,0,0,0,0,1,0,90,0,60,0,NORMAL
2026-02-25 23:56:21,s22,4,h4,152,672,14184,45320,0,0,0,0,1,0,90,0,60,0,NORMAL
2026-02-25 23:56:21,s23,3,h5,98,617,9144,40180,0,0,0,0,2,0,120,0,60,0,NORMAL
2026-02-25 23:56:21,s23,4,h6,179,23036,44366,33902110,0,0,0,1,669,885,1008624,590,1507,0,NORMAL
2026-02-25 23:56:24,s21,3,h1,23565,776,35350810,83748,0,0,0,669,3,1012284,975,1512,325,223.00,NORMAL
2026-02-25 23:56:24,s21,4,h2,98,620,9160,40360,0,0,0,0,1,0,90,0,60,0,NORMAL
2026-02-25 23:56:24,s22,3,h3,79,602,7246,38484,0,0,0,0,2,0,120,0,60,0,NORMAL
2026-02-25 23:56:24,s22,4,h4,152,676,14184,45560,0,0,0,0,2,0,120,0,60,0,NORMAL
2026-02-25 23:56:24,s23,3,h5,98,620,9144,40360,0,0,0,0,1,0,90,0,60,0,NORMAL
2026-02-25 23:56:24,s23,4,h6,182,24405,46136,35967682,0,0,0,1,684,885,1032786,590,1508,0,NORMAL
2026-02-25 23:56:27,s21,3,h1,24926,781,37408642,85108,0,0,0,680,2,1028916,680,1512,272,340.00,NORMAL
2026-02-25 23:56:27,s21,4,h2,98,623,9160,40540,0,0,0,0,1,0,90,0,60,0,NORMAL
2026-02-25 23:56:27,s22,3,h3,79,605,7246,38664,0,0,0,0,1,0,90,0,60,0,NORMAL
2026-02-25 23:56:27,s22,4,h4,152,679,14184,45740,0,0,0,0,1,0,90,0,60,0,NORMAL
2026-02-25 23:56:27,s23,3,h5,98,623,9144,40540,0,0,0,0,1,0,90,0,60,0,NORMAL
2026-02-25 23:56:27,s23,4,h6,184,25747,47316,37992430,0,0,0,1,671,590,1012374,590,1508,0,NORMAL
2026-02-25 23:56:30,s21,3,h1,26269,787,39439258,87058,0,0,0,671,3,1015308,975,1512,325,223.66,NORMAL
2026-02-25 23:56:30,s21,4,h2,98,626,9160,40720,0,0,0,0,1,0,90,0,60,0,NORMAL
2026-02-25 23:56:30,s22,3,h3,79,608,7246,38844,0,0,0,0,1,0,90,0,60,0,NORMAL
2026-02-25 23:56:30,s22,4,h4,152,682,14184,45920,0,0,0,0,1,0,90,0,60,0,NORMAL
2026-02-25 23:56:30,s23,3,h5,98,626,9144,40720,0,0,0,0,1,0,90,0,60,0,NORMAL
2026-02-25 23:56:30,s23,4,h6,187,27133,49086,40083706,0,0,0,1,693,885,1045638,590,1508,0,NORMAL
2026-02-25 23:56:33,s21,3,h1,27098,795,40691292,89166,0,0,0,414,4,626017,1054,1510,263,103.50,NORMAL
2026-02-25 23:56:33,s21,4,h2,98,630,9160,40960,0,0,0,0,2,0,120,0,60,0,NORMAL
2026-02-25 23:56:33,s22,3,h3,79,612,7246,39084,0,0,0,0,2,0,120,0,60,0,NORMAL
2026-02-25 23:56:33,s22,4,h4,152,686,14184,46160,0,0,0,0,2,0,120,0,60,0,NORMAL
2026-02-25 23:56:33,s23,3,h5,98,630,9144,40960,0,0,0,0,2,0,120,0,60,0,NORMAL
2026-02-25 23:56:33,s23,4,h6,192,27607,51052,40791758,0,0,0,2,237,983,354026,393,1493,0,NORMAL
2026-02-25 23:56:36,s21,3,h1,27152,803,40767228,90272,0,0,0,27,4,37968,553,1406,138,6.75,NORMAL
2026-02-25 23:56:36,s21,4,h2,98,633,9160,41140,0,0,0,0,1,0,90,0,60,0,NORMAL
2026-02-25 23:56:36,s22,3,h3,79,615,7246,39264,0,0,0,0,1,0,90,0,60,0,NORMAL
2026-02-25 23:56:36,s22,4,h4,152,689,14184,46340,0,0,0,0,1,0,90,0,60,0,NORMAL
2026-02-25 23:56:36,s23,3,h5,98,633,9144,41140,0,0,0,0,1,0,90,0,60,0,NORMAL
2026-02-25 23:56:36,s23,4,h6,196,27614,51388,40792274,0,0,0,2,3,168,258,84,73,.66,NORMAL
2026-02-25 23:56:39,s21,3,h1,27153,807,40767326,90550,0,0,0,0,2,49,139,98,69,0,NORMAL
2026-02-25 23:56:39,s21,4,h2,98,636,9160,41320,0,0,0,0,1,0,90,0,60,0,NORMAL
2026-02-25 23:56:39,s22,3,h3,79,618,7246,39444,0,0,0,0,1,0,90,0,60,0,NORMAL
2026-02-25 23:56:39,s22,4,h4,152,692,14184,46520,0,0,0,0,1,0,90,0,60,0,NORMAL
2026-02-25 23:56:39,s23,3,h5,98,636,9144,41320,0,0,0,0,1,0,90,0,60,0,NORMAL
2026-02-25 23:56:39,s23,4,h6,197,27618,51430,40792496,0,0,0,0,2,21,111,42,55,0,NORMAL
2026-02-25 23:56:42,s21,3,h1,27154,812,40767368,90832,0,0,0,0,2,21,141,42,56,0,NORMAL
2026-02-25 23:56:42,s21,4,h2,98,640,9160,41560,0,0,0,0,2,0,120,0,60,0,NORMAL
2026-02-25 23:56:42,s22,3,h3,79,622,7246,39684,0,0,0,0,2,0,120,0,60,0,NORMAL
2026-02-25 23:56:42,s22,4,h4,152,696,14184,46760,0,0,0,0,2,0,120,0,60,0,NORMAL
2026-02-25 23:56:42,s23,3,h5,98,640,9144,41560,0,0,0,0,2,0,120,0,60,0,NORMAL
2026-02-25 23:56:42,s23,4,h6,197,27622,51430,40792736,0,0,0,0,2,0,120,0,60,0,NORMAL
2026-02-25 23:56:46,s21,3,h1,27154,815,40767368,91012,0,0,0,0,1,0,90,0,60,0,NORMAL
2026-02-25 23:56:46,s21,4,h2,98,643,9160,41740,0,0,0,0,1,0,90,0,60,0,NORMAL
2026-02-25 23:56:46,s22,3,h3,79,625,7246,39864,0,0,0,0,1,0,90,0,60,0,NORMAL
2026-02-25 23:56:46,s22,4,h4,152,699,14184,46940,0,0,0,0,1,0,90,0,60,0,NORMAL
2026-02-25 23:56:46,s23,3,h5,98,643,9144,41740,0,0,0,0,1,0,90,0,60,0,NORMAL
2026-02-25 23:56:46,s23,4,h6,197,27625,51430,40792916,0,0,0,0,1,0,90,0,60,0,NORMAL
2026-02-25 23:56:49,s21,3,h1,27154,819,40767368,91252,0,0,0,0,2,0,120,0,60,0,NORMAL
2026-02-25 23:56:49,s21,4,h2,98,647,9160,41980,0,0,0,0,2,0,120,0,60,0,NORMAL
2026-02-25 23:56:49,s22,3,h3,79,629,7246,40104,0,0,0,0,2,0,120,0,60,0,NORMAL
2026-02-25 23:56:49,s22,4,h4,152,703,14184,47180,0,0,0,0,2,0,120,0,60,0,NORMAL
2026-02-25 23:56:49,s23,3,h5,98,647,9144,41980,0,0,0,0,2,0,120,0,60,0,NORMAL
2026-02-25 23:56:49,s23,4,h6,198,27630,51472,40793198,0,0,0,0,2,21,141,42,56,0,NORMAL
2026-02-25 23:56:52,s21,3,h1,27154,823,40767368,91474,0,0,0,0,2,0,111,0,55,0,NORMAL
2026-02-25 23:56:52,s21,4,h2,98,651,9160,42202,0,0,0,0,2,0,111,0,55,0,NORMAL
2026-02-25 23:56:52,s22,3,h3,7258,7663,710732,729210,0,0,0,3589,3517,351743,344553,97,97,1.02,NORMAL
2026-02-25 23:56:52,s22,4,h4,152,707,14184,47402,0,0,0,0,2,0,111,0,55,0,NORMAL
2026-02-25 23:56:52,s23,3,h5,98,651,9144,42202,0,0,0,0,2,0,111,0,55,0,NORMAL
2026-02-25 23:56:52,s23,4,h6,7227,34811,740314,41496822,0,0,0,3514,3590,344421,351812,98,97,.97,NORMAL
2026-02-25 23:56:55,s21,3,h1,27154,827,40767368,91714,0,0,0,0,2,0,120,0,60,0,NORMAL
2026-02-25 23:56:55,s21,4,h2,98,655,9160,42442,0,0,0,0,2,0,120,0,60,0,NORMAL
2026-02-25 23:56:55,s22,3,h3,7259,7668,710774,729492,0,0,0,0,2,21,141,42,56,0,NORMAL
2026-02-25 23:56:55,s22,4,h4,152,711,14184,47642,0,0,0,0,2,0,120,0,60,0,NORMAL
2026-02-25 23:56:55,s23,3,h5,98,655,9144,42442,0,0,0,0,2,0,120,0,60,0,NORMAL
2026-02-25 23:56:55,s23,4,h6,7228,34816,740356,41497104,0,0,0,0,2,21,141,42,56,0,NORMAL
2026-02-25 23:56:58,s21,3,h1,27154,830,40767368,91894,0,0,0,0,1,0,90,0,60,0,NORMAL
2026-02-25 23:56:58,s21,4,h2,98,658,9160,42622,0,0,0,0,1,0,90,0,60,0,NORMAL
2026-02-25 23:56:58,s22,3,h3,7259,7671,710774,729672,0,0,0,0,1,0,90,0,60,0,NORMAL
2026-02-25 23:56:58,s22,4,h4,152,714,14184,47822,0,0,0,0,1,0,90,0,60,0,NORMAL
2026-02-25 23:56:58,s23,3,h5,98,658,9144,42622,0,0,0,0,1,0,90,0,60,0,NORMAL
2026-02-25 23:56:58,s23,4,h6,7228,34819,740356,41497284,0,0,0,0,1,0,90,0,60,0,NORMAL
2026-02-25 23:57:02,s21,3,h1,27154,833,40767368,92074,0,0,0,0,1,0,90,0,60,0,NORMAL
2026-02-25 23:57:02,s21,4,h2,98,661,9160,42802,0,0,0,0,1,0,90,0,60,0,NORMAL
2026-02-25 23:57:02,s22,3,h3,7259,7674,710774,729852,0,0,0,0,1,0,90,0,60,0,NORMAL
2026-02-25 23:57:02,s22,4,h4,152,717,14184,48002,0,0,0,0,1,0,90,0,60,0,NORMAL
2026-02-25 23:57:02,s23,3,h5,98,662,9144,42862,0,0,0,0,2,0,120,0,60,0,NORMAL
2026-02-25 23:57:02,s23,4,h6,7228,34823,740356,41497524,0,0,0,0,2,0,120,0,60,0,NORMAL
2026-02-25 23:57:06,s21,3,h1,27154,837,40767368,92314,0,0,0,0,2,0,120,0,60,0,NORMAL
2026-02-25 23:57:06,s21,4,h2,98,665,9160,43042,0,0,0,0,2,0,120,0,60,0,NORMAL
2026-02-25 23:57:06,s22,3,h3,7259,7678,710774,730092,0,0,0,0,2,0,120,0,60,0,NORMAL
2026-02-25 23:57:06,s22,4,h4,152,721,14184,48242,0,0,0,0,2,0,120,0,60,0,NORMAL
2026-02-25 23:57:06,s23,3,h5,98,665,9144,43042,0,0,0,0,1,0,90,0,60,0,NORMAL
2026-02-25 23:57:06,s23,4,h6,7228,34826,740356,41497704,0,0,0,0,1,0,90,0,60,0,NORMAL
2026-02-25 23:57:09,s21,3,h1,27154,840,40767368,92494,0,0,0,0,1,0,90,0,60,0,NORMAL
2026-02-25 23:57:09,s21,4,h2,98,668,9160,43222,0,0,0,0,1,0,90,0,60,0,NORMAL
2026-02-25 23:57:09,s22,3,h3,7259,7681,710774,730272,0,0,0,0,1,0,90,0,60,0,NORMAL
2026-02-25 23:57:09,s22,4,h4,152,724,14184,48422,0,0,0,0,1,0,90,0,60,0,NORMAL
2026-02-25 23:57:09,s23,3,h5,98,668,9144,43222,0,0,0,0,1,0,90,0,60,0,NORMAL
2026-02-25 23:57:09,s23,4,h6,7228,34829,740356,41497884,0,0,0,0,1,0,90,0,60,0,NORMAL
2026-02-25 23:57:12,s21,3,h1,27154,843,40767368,92674,0,0,0,0,1,0,90,0,60,0,NORMAL
2026-02-25 23:57:12,s21,4,h2,98,671,9160,43402,0,0,0,0,1,0,90,0,60,0,NORMAL
2026-02-25 23:57:12,s22,3,h3,7259,7684,710774,730452,0,0,0,0,1,0,90,0,60,0,NORMAL
2026-02-25 23:57:12,s22,4,h4,152,727,14184,48602,0,0,0,0,1,0,90,0,60,0,NORMAL
2026-02-25 23:57:12,s23,3,h5,98,671,9144,43402,0,0,0,0,1,0,90,0,60,0,NORMAL
2026-02-25 23:57:12,s23,4,h6,7228,34832,740356,41498064,0,0,0,0,1,0,90,0,60,0,NORMAL
2026-02-25 23:57:15,s21,3,h1,27154,847,40767368,92914,0,0,0,0,2,0,120,0,60,0,NORMAL
2026-02-25 23:57:15,s21,4,h2,98,675,9160,43642,0,0,0,0,2,0,120,0,60,0,NORMAL
2026-02-25 23:57:15,s22,3,h3,7259,7688,710774,730692,0,0,0,0,2,0,120,0,60,0,NORMAL
2026-02-25 23:57:15,s22,4,h4,152,731,14184,48842,0,0,0,0,2,0,120,0,60,0,NORMAL
2026-02-25 23:57:15,s23,3,h5,98,675,9144,43642,0,0,0,0,2,0,120,0,60,0,NORMAL
